CREATE DATABASE  IF NOT EXISTS `employeemanagement` /*!40100 DEFAULT CHARACTER SET utf8mb4 COLLATE utf8mb4_0900_ai_ci */ /*!80016 DEFAULT ENCRYPTION='N' */;
USE `employeemanagement`;
-- MySQL dump 10.13  Distrib 8.0.36, for macos14 (x86_64)
--
-- Host: localhost    Database: employeemanagement
-- ------------------------------------------------------
-- Server version	8.0.20

/*!40101 SET @OLD_CHARACTER_SET_CLIENT=@@CHARACTER_SET_CLIENT */;
/*!40101 SET @OLD_CHARACTER_SET_RESULTS=@@CHARACTER_SET_RESULTS */;
/*!40101 SET @OLD_COLLATION_CONNECTION=@@COLLATION_CONNECTION */;
/*!50503 SET NAMES utf8 */;
/*!40103 SET @OLD_TIME_ZONE=@@TIME_ZONE */;
/*!40103 SET TIME_ZONE='+00:00' */;
/*!40014 SET @OLD_UNIQUE_CHECKS=@@UNIQUE_CHECKS, UNIQUE_CHECKS=0 */;
/*!40014 SET @OLD_FOREIGN_KEY_CHECKS=@@FOREIGN_KEY_CHECKS, FOREIGN_KEY_CHECKS=0 */;
/*!40101 SET @OLD_SQL_MODE=@@SQL_MODE, SQL_MODE='NO_AUTO_VALUE_ON_ZERO' */;
/*!40111 SET @OLD_SQL_NOTES=@@SQL_NOTES, SQL_NOTES=0 */;

--
-- Table structure for table `department`
--

DROP TABLE IF EXISTS `department`;
/*!40101 SET @saved_cs_client     = @@character_set_client */;
/*!50503 SET character_set_client = utf8mb4 */;
CREATE TABLE `department` (
  `id` bigint NOT NULL,
  `name` varchar(255) DEFAULT NULL,
  PRIMARY KEY (`id`)
) ENGINE=InnoDB DEFAULT CHARSET=utf8mb4 COLLATE=utf8mb4_0900_ai_ci;
/*!40101 SET character_set_client = @saved_cs_client */;

--
-- Dumping data for table `department`
--

LOCK TABLES `department` WRITE;
/*!40000 ALTER TABLE `department` DISABLE KEYS */;
INSERT INTO `department` VALUES (1,'Information Technology'),(2,'Humain Resources'),(3,'Finance'),(4,'Marketing'),(5,'Operations Management');
/*!40000 ALTER TABLE `department` ENABLE KEYS */;
UNLOCK TABLES;

--
-- Table structure for table `department_seq`
--

DROP TABLE IF EXISTS `department_seq`;
/*!40101 SET @saved_cs_client     = @@character_set_client */;
/*!50503 SET character_set_client = utf8mb4 */;
CREATE TABLE `department_seq` (
  `next_val` bigint DEFAULT NULL
) ENGINE=InnoDB DEFAULT CHARSET=utf8mb4 COLLATE=utf8mb4_0900_ai_ci;
/*!40101 SET character_set_client = @saved_cs_client */;

--
-- Dumping data for table `department_seq`
--

LOCK TABLES `department_seq` WRITE;
/*!40000 ALTER TABLE `department_seq` DISABLE KEYS */;
INSERT INTO `department_seq` VALUES (1);
/*!40000 ALTER TABLE `department_seq` ENABLE KEYS */;
UNLOCK TABLES;

--
-- Table structure for table `employee`
--

DROP TABLE IF EXISTS `employee`;
/*!40101 SET @saved_cs_client     = @@character_set_client */;
/*!50503 SET character_set_client = utf8mb4 */;
CREATE TABLE `employee` (
  `id` bigint NOT NULL,
  `email` varchar(255) DEFAULT NULL,
  `employee_code` varchar(255) NOT NULL,
  `image_url` varchar(255) DEFAULT NULL,
  `job_title` varchar(255) DEFAULT NULL,
  `name` varchar(255) DEFAULT NULL,
  `phone` varchar(255) DEFAULT NULL,
  `department_id` bigint DEFAULT NULL,
  PRIMARY KEY (`id`),
  KEY `FKbejtwvg9bxus2mffsm3swj3u9` (`department_id`),
  CONSTRAINT `FKbejtwvg9bxus2mffsm3swj3u9` FOREIGN KEY (`department_id`) REFERENCES `department` (`id`)
) ENGINE=InnoDB DEFAULT CHARSET=utf8mb4 COLLATE=utf8mb4_0900_ai_ci;
/*!40101 SET character_set_client = @saved_cs_client */;

--
-- Dumping data for table `employee`
--

LOCK TABLES `employee` WRITE;
/*!40000 ALTER TABLE `employee` DISABLE KEYS */;
INSERT INTO `employee` VALUES (1,'mseck@gmail.com','ff239e4a-d7ab-4b0a-9c4e-af3e85b4e996','https://bootdey.com/img/Content/avatar/avatar5.png','Developer','Mouhamed SECK','+221776665544',1),(13,'endiaye@gmail.com','22585a61-400a-469c-ac10-0278d995f5b6','https://bootdey.com/img/Content/avatar/avatar3.png','Administrator','Eva Ndiaye','+221775554433',2),(14,'gdavis@gmail.com','7abe6e50-0a00-4ff6-b8e3-904896b0cc32','https://bootdey.com/img/Content/avatar/avatar1.png','Accountant','Gervonta Davis','+221774443322',3),(15,'etompson@gmail.com','f29b43b0-e851-4b3e-9a13-30f3bb4c5f8a','https://bootdey.com/img/Content/avatar/avatar8.png','Community Manager','Emma Thompson','+221773332211',4),(16,'s.smith@gmail.com','dec06991-db0b-4480-a5fb-5e7c903a07ce','https://bootdey.com/img/Content/avatar/avatar8.png','Quality Manager','Sara Smith','+221787776655',5),(17,'mdiop@gmail.com','32070344-a9b9-4f92-a1e8-5adab382b9e7','https://bootdey.com/img/Content/avatar/avatar4.png','Recruter','Moustapha Diop','+221771115544',2),(18,'awaly@gmail.com','9eee5a9e-c417-44d5-a435-287b28743d59','https://bootdey.com/img/Content/avatar/avatar3.png','Network Administrator','Awa Ly','+221775552211',1),(52,'fmayweather@gmail.com','fa74db0f-6c17-4321-a895-fae161407f5a','https://bootdey.com/img/Content/avatar/avatar4.png','Manager','Floyd Mayweather','+221773334433',5);
/*!40000 ALTER TABLE `employee` ENABLE KEYS */;
UNLOCK TABLES;

--
-- Table structure for table `employee_seq`
--

DROP TABLE IF EXISTS `employee_seq`;
/*!40101 SET @saved_cs_client     = @@character_set_client */;
/*!50503 SET character_set_client = utf8mb4 */;
CREATE TABLE `employee_seq` (
  `next_val` bigint DEFAULT NULL
) ENGINE=InnoDB DEFAULT CHARSET=utf8mb4 COLLATE=utf8mb4_0900_ai_ci;
/*!40101 SET character_set_client = @saved_cs_client */;

--
-- Dumping data for table `employee_seq`
--

LOCK TABLES `employee_seq` WRITE;
/*!40000 ALTER TABLE `employee_seq` DISABLE KEYS */;
INSERT INTO `employee_seq` VALUES (151);
/*!40000 ALTER TABLE `employee_seq` ENABLE KEYS */;
UNLOCK TABLES;

--
-- Table structure for table `role`
--

DROP TABLE IF EXISTS `role`;
/*!40101 SET @saved_cs_client     = @@character_set_client */;
/*!50503 SET character_set_client = utf8mb4 */;
CREATE TABLE `role` (
  `id` bigint NOT NULL,
  `name` varchar(255) DEFAULT NULL,
  PRIMARY KEY (`id`)
) ENGINE=InnoDB DEFAULT CHARSET=utf8mb4 COLLATE=utf8mb4_0900_ai_ci;
/*!40101 SET character_set_client = @saved_cs_client */;

--
-- Dumping data for table `role`
--

LOCK TABLES `role` WRITE;
/*!40000 ALTER TABLE `role` DISABLE KEYS */;
INSERT INTO `role` VALUES (1,'USER'),(2,'ADMIN');
/*!40000 ALTER TABLE `role` ENABLE KEYS */;
UNLOCK TABLES;

--
-- Table structure for table `role_seq`
--

DROP TABLE IF EXISTS `role_seq`;
/*!40101 SET @saved_cs_client     = @@character_set_client */;
/*!50503 SET character_set_client = utf8mb4 */;
CREATE TABLE `role_seq` (
  `next_val` bigint DEFAULT NULL
) ENGINE=InnoDB DEFAULT CHARSET=utf8mb4 COLLATE=utf8mb4_0900_ai_ci;
/*!40101 SET character_set_client = @saved_cs_client */;

--
-- Dumping data for table `role_seq`
--

LOCK TABLES `role_seq` WRITE;
/*!40000 ALTER TABLE `role_seq` DISABLE KEYS */;
INSERT INTO `role_seq` VALUES (1);
/*!40000 ALTER TABLE `role_seq` ENABLE KEYS */;
UNLOCK TABLES;

--
-- Table structure for table `user`
--

DROP TABLE IF EXISTS `user`;
/*!40101 SET @saved_cs_client     = @@character_set_client */;
/*!50503 SET character_set_client = utf8mb4 */;
CREATE TABLE `user` (
  `id` bigint NOT NULL,
  `password` varchar(255) DEFAULT NULL,
  `username` varchar(255) DEFAULT NULL,
  PRIMARY KEY (`id`)
) ENGINE=InnoDB DEFAULT CHARSET=utf8mb4 COLLATE=utf8mb4_0900_ai_ci;
/*!40101 SET character_set_client = @saved_cs_client */;

--
-- Dumping data for table `user`
--

LOCK TABLES `user` WRITE;
/*!40000 ALTER TABLE `user` DISABLE KEYS */;
INSERT INTO `user` VALUES (1,'$2a$10$ZO8lmb13CGyezY6ypBLzHe.Cxfr.JcEWPddQoknCTXsukBftRckje','test'),(2,'$2a$10$iQSegGR84.ZoTDcpJ37BFO1lYU.uZeC.SLjUoR7Xtv1LEGY8eRakq',''),(52,'$2a$10$EjeoeMRJwXuMtcFZdT3BVeLZ41vaJQXw2EO5sS4JMPmqanTilX9SK','user'),(102,'$2a$10$Kbk1rMlQqxs53YrkTWpA6OZwXYlBOw8dBUl2QXkT/6p7edb.SQieG','admin');
/*!40000 ALTER TABLE `user` ENABLE KEYS */;
UNLOCK TABLES;

--
-- Table structure for table `user_role`
--

DROP TABLE IF EXISTS `user_role`;
/*!40101 SET @saved_cs_client     = @@character_set_client */;
/*!50503 SET character_set_client = utf8mb4 */;
CREATE TABLE `user_role` (
  `user_id` bigint NOT NULL,
  `role_id` bigint NOT NULL,
  KEY `FKa68196081fvovjhkek5m97n3y` (`role_id`),
  KEY `FK859n2jvi8ivhui0rl0esws6o` (`user_id`),
  CONSTRAINT `FK859n2jvi8ivhui0rl0esws6o` FOREIGN KEY (`user_id`) REFERENCES `user` (`id`),
  CONSTRAINT `FKa68196081fvovjhkek5m97n3y` FOREIGN KEY (`role_id`) REFERENCES `role` (`id`)
) ENGINE=InnoDB DEFAULT CHARSET=utf8mb4 COLLATE=utf8mb4_0900_ai_ci;
/*!40101 SET character_set_client = @saved_cs_client */;

--
-- Dumping data for table `user_role`
--

LOCK TABLES `user_role` WRITE;
/*!40000 ALTER TABLE `user_role` DISABLE KEYS */;
INSERT INTO `user_role` VALUES (1,1),(2,1),(52,1),(102,1);
/*!40000 ALTER TABLE `user_role` ENABLE KEYS */;
UNLOCK TABLES;

--
-- Table structure for table `user_seq`
--

DROP TABLE IF EXISTS `user_seq`;
/*!40101 SET @saved_cs_client     = @@character_set_client */;
/*!50503 SET character_set_client = utf8mb4 */;
CREATE TABLE `user_seq` (
  `next_val` bigint DEFAULT NULL
) ENGINE=InnoDB DEFAULT CHARSET=utf8mb4 COLLATE=utf8mb4_0900_ai_ci;
/*!40101 SET character_set_client = @saved_cs_client */;

--
-- Dumping data for table `user_seq`
--

LOCK TABLES `user_seq` WRITE;
/*!40000 ALTER TABLE `user_seq` DISABLE KEYS */;
INSERT INTO `user_seq` VALUES (201);
/*!40000 ALTER TABLE `user_seq` ENABLE KEYS */;
UNLOCK TABLES;
/*!40103 SET TIME_ZONE=@OLD_TIME_ZONE */;

/*!40101 SET SQL_MODE=@OLD_SQL_MODE */;
/*!40014 SET FOREIGN_KEY_CHECKS=@OLD_FOREIGN_KEY_CHECKS */;
/*!40014 SET UNIQUE_CHECKS=@OLD_UNIQUE_CHECKS */;
/*!40101 SET CHARACTER_SET_CLIENT=@OLD_CHARACTER_SET_CLIENT */;
/*!40101 SET CHARACTER_SET_RESULTS=@OLD_CHARACTER_SET_RESULTS */;
/*!40101 SET COLLATION_CONNECTION=@OLD_COLLATION_CONNECTION */;
/*!40111 SET SQL_NOTES=@OLD_SQL_NOTES */;

-- Dump completed on 2024-06-07 15:30:11
